id,full_name,description,language,stargazers_count,forks_count,open_issues_count,created_at,updated_at,topics,fork,query_source,pushed_at,last_commit_at,last_active,_stars_per_year,html_url
71583602,Developer-Y/cs-video-courses,List of Computer Science courses with video lectures.,Unknown,70098,9412,2,2016-10-21 17:02:11+00:00,2025-10-24 04:35:17+00:00,"algorithms,bioinformatics,computational-biology,computational-physics,computer-architecture,computer-science,computer-vision,database-systems,databases,deep-learning,embedded-systems,machine-learning,quantum-computing,reinforcement-learning,robotics,security,systems,web-development",False,topic:robotics,,,2025-10-24 04:35:17+00:00,7784.522499239891,
74627617,commaai/openpilot,"openpilot is an operating system for robotics. Currently, it upgrades the driver assistance system on 300+ supported cars.",Python,58519,10350,191,2016-11-24 01:33:30+00:00,2025-10-24 05:45:39+00:00,"advanced-driver-assistance-systems,driver-assistance-systems,robotics",False,topic:robotics,,,2025-10-24 05:45:39+00:00,6564.516200859951,
280567579,NaiboWang/EasySpider,A visual no-code/code-free web crawler/spiderÊòìÈááÈõÜÔºö‰∏Ä‰∏™ÂèØËßÜÂåñÊµèËßàÂô®Ëá™Âä®ÂåñÊµãËØï/Êï∞ÊçÆÈááÈõÜ/Áà¨Ëô´ËΩØ‰ª∂ÔºåÂèØ‰ª•Êó†‰ª£Á†ÅÂõæÂΩ¢ÂåñÁöÑËÆæËÆ°ÂíåÊâßË°åÁà¨Ëô´‰ªªÂä°„ÄÇÂà´ÂêçÔºöServiceWrapperÈù¢ÂêëWebÂ∫îÁî®ÁöÑÊô∫ËÉΩÂåñÊúçÂä°Â∞ÅË£ÖÁ≥ªÁªü„ÄÇ,JavaScript,43151,5303,254,2020-07-18 02:41:27+00:00,2025-10-24 04:14:12+00:00,"batch-processing,batch-script,code-free,crawler,data-collection,frontend,gui,html,input-parameters,layman,parameters,robotics,rpa,scraper,spider,visual,visualization,visualprogramming,web,www",False,topic:robotics,,,2025-10-24 04:14:12+00:00,8191.737396049896,
54376220,AtsushiSakai/PythonRobotics,Python sample codes and textbook for robotics algorithms.,Python,26111,6911,19,2016-03-21 09:34:43+00:00,2025-10-24 02:26:25+00:00,"algorithm,animation,autonomous-driving,autonomous-navigation,autonomous-vehicles,control,cvxpy,ekf,hacktoberfest,localization,mapping,path-planning,python,robot,robotics,slam",False,topic:robotics,,,2025-10-24 02:26:25+00:00,2722.5357550670856,
365250183,zauberzeug/nicegui,Create web-based user interfaces with Python. The nice way.,Python,14293,848,93,2021-05-07 13:55:05+00:00,2025-10-24 03:44:29+00:00,"frontend,gui,interaction,interface,interfaces,python,robotics,scripting,toolkit,webapp,website",False,topic:robotics,,,2025-10-24 03:44:29+00:00,3202.7719325153375,
7512484,ArduPilot/ardupilot,"ArduPlane, ArduCopter, ArduRover, ArduSub source",C++,13926,19567,2710,2013-01-09 00:58:52+00:00,2025-10-24 02:54:45+00:00,"arducopter,ardupilot,arduplane,ardurover,ardusub,autopilot,auv,copter,drone,dronekit,mavlink,plane,robotics,ros,rov,rover,sub,uas,uav,ugv",False,topic:robotics,,,2025-10-24 02:54:45+00:00,1088.947013487476,
1605598,bulletphysics/bullet3,"Bullet Physics SDK: real-time collision detection and multi-physics simulation for VR, games, visual effects, robotics, machine learning etc.",C++,13850,3001,386,2011-04-12 18:45:08+00:00,2025-10-24 02:47:56+00:00,"computer-animation,game-development,kinematics,pybullet,reinforcement-learning,robotics,simulation,simulator,virtual-reality",False,topic:robotics,,,2025-10-24 02:47:56+00:00,953.0355124340617,
261372860,DLR-RM/stable-baselines3,"PyTorch version of Stable Baselines, reliable implementations of reinforcement learning algorithms. ",Python,11848,1965,74,2020-05-05 05:52:26+00:00,2025-10-24 06:09:46+00:00,"baselines,gsde,gym,machine-learning,openai,python,pytorch,reinforcement-learning,reinforcement-learning-algorithms,robotics,sb3,sde,stable-baselines,toolbox",False,topic:robotics,,,2025-10-24 06:09:46+00:00,2165.906906906907,
400501136,google-deepmind/mujoco,Multi-Joint dynamics with Contact. A general purpose physics simulator.,C++,10912,1158,208,2021-08-27 12:25:48+00:00,2025-10-24 05:51:52+00:00,"mujoco,physics,robotics",False,topic:robotics,,,2025-10-24 05:51:52+00:00,2625.5652173913045,
145693916,kornia/kornia,üêç Geometric Computer Vision Library for Spatial AI,Python,10806,1062,339,2018-08-22 10:31:37+00:00,2025-10-23 21:46:04+00:00,"artificial-intelligence,computer-vision,deep-learning,hacktoberfest,image-processing,machine-learning,neural-network,python,pytorch,robotics,spatial-ai",False,topic:robotics,,,2025-10-23 21:46:04+00:00,1507.0223367697595,
479289739,rerun-io/rerun,"Visualize streams of multimodal data. Free, fast, easy to use, and simple to integrate. Built in Rust.",Rust,9441,549,1363,2022-04-08 07:30:05+00:00,2025-10-23 21:33:35+00:00,"computer-vision,cpp,multimodal,python,robotics,rust,visualization",False,topic:robotics,,,2025-10-23 21:33:35+00:00,2664.857225656878,
12996196,hybridgroup/gobot,"Golang framework for robotics, drones, and the Internet of Things (IoT)",Go,9319,1058,89,2013-09-21 14:09:19+00:00,2025-10-23 19:45:40+00:00,"arduino,beaglebone,beaglebone-black,bluetooth,bluetooth-le,drone,go,gpio,hardware,i2c,intel-edison,intel-joule,internet-of-things,iot,mqtt,raspberry-pi,robot,robotics,sphero,uav",False,topic:robotics,,,2025-10-23 19:45:40+00:00,770.9546432616081,
139205847,nasa-jpl/open-source-rover,"A build-it-yourself, 6-wheel rover based on the rovers on Mars!",Prolog,9029,1419,19,2018-06-29 23:57:16+00:00,2025-10-23 04:04:12+00:00,"diy,hardware,mars,mars-rover,open-source,robot,robotics",False,topic:robotics,,,2025-10-23 04:04:12+00:00,1233.7606621773289,
64561753,dusty-nv/jetson-inference,Hello AI World guide to deploying deep-learning inference networks and deep vision primitives with TensorRT and NVIDIA Jetson.,C++,8559,3078,398,2016-07-30 19:56:47+00:00,2025-10-22 06:12:14+00:00,"caffe,computer-vision,deep-learning,digits,embedded,image-recognition,inference,jetson,jetson-nano,jetson-tx1,jetson-tx2,jetson-xavier,jetson-xavier-nx,machine-learning,nvidia,object-detection,robotics,segmentation,tensorrt,video-analytics",False,topic:robotics,,,2025-10-22 06:12:14+00:00,927.0980871886122,
567038244,isaac-sim/IsaacLab,Unified framework for robot learning built on NVIDIA Isaac Sim,Python,5237,2543,379,2022-11-16 23:55:13+00:00,2025-10-24 02:47:43+00:00,"isaac-sim,omniverse-kit-extension,robot-learning,robotics",False,topic:robotics,,,2025-10-24 02:47:43+00:00,1784.341651119403,
326441188,PetoiCamp/OpenCat-Quadruped-Robot,"An open source quadruped robot pet framework for developing Boston Dynamics-style four-legged robots that are perfect for STEM, coding & robotics education, IoT robotics applications, AI-enhanced robotics application services, research, and DIY robotics kit development. ",C++,4231,503,8,2021-01-03 15:42:00+00:00,2025-10-24 02:31:52+00:00,"ai,arduino,block-coding,education,iot,legged-robot,quadruped,quadruped-robot-gaits,raspberry-pi,robot-cat,robot-dog,robot-kit,robot-pet,robotics,robotics-education,simulation,stem,visual-programming,walking",False,topic:robotics,,,2025-10-24 02:31:52+00:00,881.0562998859749,
103442898,MichaelGrupp/evo,Python package for the evaluation of odometry and SLAM,Python,3975,780,16,2017-09-13 19:40:00+00:00,2025-10-22 06:49:39+00:00,"benchmark,euroc,evaluation,kitti,mapping,metrics,odometry,robotics,ros,ros2,slam,trajectory,trajectory-analysis,trajectory-evaluation,tum",False,topic:robotics,,,2025-10-22 06:49:39+00:00,490.1650067521944,
156228018,cyberbotics/webots,Webots Robot Simulator,C++,3855,1903,237,2018-11-05 14:09:10+00:00,2025-10-23 21:18:43+00:00,"3d-engine,ai,autonomous-vehicles,computer-vision,fluid-dynamics,multi-platform,open-source,physics-engine,robot,robot-simulation,robot-simulator,robotics,robotics-simulation,robots,ros,ros2,simulated-robots,simulation,simulator,webots",False,topic:robotics,,,2025-10-23 21:18:43+00:00,553.4743514150944,
16256144,RobotLocomotion/drake,Model-based design and verification for robotics.,C++,3778,1319,718,2014-01-26 16:11:05+00:00,2025-10-23 20:58:38+00:00,"drake,robotics",False,topic:robotics,,,2025-10-23 20:58:38+00:00,321.80841884328356,
153316914,BehaviorTree/BehaviorTree.CPP,Behavior Trees Library in C++. Batteries included.,C++,3640,777,80,2018-10-16 16:19:58+00:00,2025-10-24 01:23:23+00:00,"ai,behaviortree,coordination,games,robotics,ros,state-machine",False,topic:robotics,,,2025-10-24 01:23:23+00:00,518.5296411856474,
135363400,ros-navigation/navigation2,ROS 2 Navigation Framework and System,C++,3571,1600,136,2018-05-29 23:35:08+00:00,2025-10-24 05:34:25+00:00,"navigation,robotics,ros2",False,topic:robotics,,,2025-10-24 05:34:25+00:00,482.36233357988164,
22850110,introlab/rtabmap,RTAB-Map library and standalone application,C++,3418,870,549,2014-08-11 18:38:14+00:00,2025-10-24 03:26:12+00:00,"android,ios,localization,mapping,project-tango,robotics,ros,ros2,scanning,slam",False,topic:robotics,,,2025-10-24 03:26:12+00:00,305.1636519188462,
169164539,facebookresearch/habitat-sim,"A flexible, high-performance 3D simulator for Embodied AI research.",C++,3244,487,250,2019-02-04 23:14:28+00:00,2025-10-24 04:33:27+00:00,"ai,computer-vision,cplusplus,robotics,sim2real,simulator",False,topic:robotics,,,2025-10-24 04:33:27+00:00,483.0293518141052,
86362856,borglab/gtsam,"GTSAM is a library of C++ classes that implement smoothing and mapping (SAM) in robotics and vision, using factor graphs and Bayes networks as the underlying computing paradigm rather than sparse matrices.",Jupyter Notebook,3122,864,130,2017-03-27 17:12:06+00:00,2025-10-24 02:39:17+00:00,"estimation,perception,robotics,sensorfusion",False,topic:robotics,,,2025-10-24 02:39:17+00:00,364.0838122605364,
454479855,pytorch/rl,"A modular, primitive-first, python-first PyTorch library for Reinforcement Learning.",Python,3118,414,304,2022-02-01 17:17:36+00:00,2025-10-23 18:50:22+00:00,"ai,control,decision-making,distributed-computing,machine-learning,marl,model-based-reinforcement-learning,multi-agent-reinforcement-learning,pytorch,reinforcement-learning,rl,robotics,torch",False,topic:robotics,,,2025-10-23 18:50:22+00:00,837.3893382352942,
373310764,google/brax,Massively parallel rigidbody physics simulation on accelerator hardware.,Jupyter Notebook,2895,315,97,2021-06-02 21:45:19+00:00,2025-10-24 05:50:18+00:00,"jax,physics-simulation,reinforcement-learning,robotics",False,topic:robotics,,,2025-10-24 05:50:18+00:00,659.2261533665836,
24897645,stack-of-tasks/pinocchio,A fast and flexible implementation of Rigid Body Dynamics algorithms and their analytical derivatives,C++,2781,466,106,2014-10-07 15:42:51+00:00,2025-10-24 02:16:09+00:00,"analytical-derivatives,automatic-differentiation,c-plus-plus,casadi,code-generation,conda,cppad,dynamics,fcl,kinematics,motion-planning,pinocchio,python,rigid-body-dynamics,robotics,ros,urdf",False,topic:robotics,,,2025-10-24 02:16:09+00:00,251.79976450173524,
56404753,jslee02/awesome-robotics-libraries,:sunglasses: A curated list of robotics libraries and software,Unknown,2680,466,2,2016-04-16 20:44:29+00:00,2025-10-23 04:02:50+00:00,"awesome-list,machine-learning,motion-planning,multibody-dynamics,optimization,robotics,robotics-libraries,simulation,slam",False,topic:robotics,,,2025-10-23 04:02:50+00:00,281.5271786022433,
460615268,dora-rs/dora,"DORA (Dataflow-Oriented Robotic Architecture) is middleware designed to streamline and simplify the creation of AI-based robotic applications. It offers low latency, composable, and distributed dataflow capabilities. Applications are modeled as directed graphs, also referred to as pipelines.",Rust,2626,231,116,2022-02-17 21:33:07+00:00,2025-10-24 02:38:26+00:00,"dataflow,embodied-ai,low-latency,robotics,rust",False,topic:robotics,,,2025-10-24 02:38:26+00:00,713.6506696428571,
169164391,facebookresearch/habitat-lab,A modular high-level library to train embodied AI agents across a variety of tasks and environments.,Python,2617,592,372,2019-02-04 23:12:51+00:00,2025-10-24 02:55:18+00:00,"ai,computer-vision,deep-learning,deep-reinforcement-learning,python,reinforcement-learning,research,robotics,sim2real,simulator",False,topic:robotics,,,2025-10-24 02:55:18+00:00,389.6694863432532,
532854029,google-deepmind/mujoco_menagerie,"A collection of high-quality models for the MuJoCo physics engine, curated by Google DeepMind.",Python,2603,367,47,2022-09-05 10:37:53+00:00,2025-10-24 05:30:59+00:00,"mujoco,robotics",False,topic:robotics,,,2025-10-24 05:30:59+00:00,831.0714597902098,
261373023,DLR-RM/rl-baselines3-zoo,"A training framework for Stable Baselines3 reinforcement learning agents, with hyperparameter optimization and pre-trained agents included.",Python,2593,570,62,2020-05-05 05:53:27+00:00,2025-10-24 06:08:40+00:00,"deep-reinforcement-learning,gym,hyperparameter-optimization,hyperparameter-search,hyperparameter-tuning,lab,openai,optimization,pybullet,pybullet-environments,pytorch,reinforcement-learning,rl,robotics,sde,stable-baselines,tuning-hyperparameters",False,topic:robotics,,,2025-10-24 06:08:40+00:00,474.0206456456457,
20296703,eProsima/Fast-DDS,The most complete DDS - Proven: Plenty of success cases. Looking for commercial support? Contact info@eprosima.com,C++,2593,870,87,2014-05-29 14:36:15+00:00,2025-10-23 09:13:18+00:00,"cpp,dds,distributed-systems,fastdds,middleware,omg,robotics,ros2,rtps",False,topic:robotics,,,2025-10-23 09:13:18+00:00,227.39333733493396,
12567717,projectchrono/chrono,High-performance C++ library for multiphysics and multibody dynamics simulations,C++,2569,531,99,2013-09-03 15:34:23+00:00,2025-10-24 01:30:52+00:00,"flexible-body,fluid-solid-interaction,granular-dynamics,modeling,multibody-dynamics,physics-engine,physics-simulation,robotics,simulation,vehicle-dynamics",False,topic:robotics,,,2025-10-24 01:30:52+00:00,211.66867809609744,
12146969,simbody/simbody,"High-performance C++ multibody dynamics/physics library for simulating articulated biomechanical and mechanical systems like vehicles, robots, and the human skeleton.",C++,2457,487,157,2013-08-16 00:21:53+00:00,2025-10-22 16:25:44+00:00,"biomechanics,multibody-dynamics,physics-engine,physics-simulation,robotics",False,topic:robotics,,,2025-10-22 16:25:44+00:00,201.57665094339623,
6365343,opencog/opencog,A framework for integrated Artificial Intelligence & Artificial General Intelligence (AGI),Scheme,2413,735,54,2012-10-24 06:10:15+00:00,2025-10-14 10:11:00+00:00,"agi,learning,learning-algorithm,natural-language,natural-language-inference,natural-language-understanding,robot-controller,robotics,unsupervised-learning,unsupervised-learning-algorithms,unsupervised-machine-learning",False,topic:robotics,,,2025-10-14 10:11:00+00:00,185.62515796124686,
112659144,microsoft/AutonomousDrivingCookbook,"Scenarios, tutorials and demos for Autonomous Driving",Jupyter Notebook,2399,569,37,2017-11-30 20:51:02+00:00,2025-10-22 20:22:43+00:00,"airsim,autonomous-driving,autonomous-driving-cookbook,autonomous-vehicles,car,cntk,deep-learning,keras,microsoft,microsoft-garage,robotics,self-driving-car,simulation,tensorflow,tutorial",False,topic:robotics,,,2025-10-22 20:22:43+00:00,303.82619625520107,
667155414,PCrnjak/PAROL6-Desktop-robot-arm,"BOM, STL files and instructions for PAROL6 3D printed robot arm",HTML,2205,254,0,2023-07-16 20:25:20+00:00,2025-10-24 03:35:45+00:00,"ai,lerobot,parol6,python,robotics",False,topic:robotics,,,2025-10-24 03:35:45+00:00,970.3328313253013,
520357130,haosulab/ManiSkill,"SAPIEN Manipulation Skill Framework, an open source GPU parallelized robotics simulator and benchmark, led by Hillbot, Inc.",Python,2165,373,111,2022-08-02 04:56:58+00:00,2025-10-23 19:53:39+00:00,"3d-computer-vision,computer-vision,embodied-ai,reinforcement-learning,robot-learning,robot-manipulation,robotics,robotics-simulation,simulation-environment",False,topic:robotics,,,2025-10-23 19:53:39+00:00,670.7092875318066,
235377467,eclipse-zenoh/zenoh,"zenoh unifies data in motion, data in-use, data at rest and computations. It carefully blends traditional pub/sub with geo-distributed storages, queries and computations, while retaining a level of time and space efficiency that is well beyond any of the mainstream stacks.",Rust,2148,219,188,2020-01-21 15:38:53+00:00,2025-10-24 01:54:01+00:00,"distributed-computing,distributed-storage,distributed-systems,edge-computing,embedded,geo-distributed-storages,iot,messaging,network-programming,networking,protocol,robotics,ros2,rust,rust-lang,storage,zenoh",False,topic:robotics,,,2025-10-24 01:54:01+00:00,373.2431018078021,
13708826,MRPT/mrpt,:zap: The Mobile Robot Programming Toolkit (MRPT),C++,2077,650,27,2013-10-19 21:09:23+00:00,2025-10-23 22:13:58+00:00,"autonomous-driving,c-plus-plus,computer-vision,maps,mobile-robotics,mobile-robots,mrpt,particle-filter,robot-framework,robot-motion-estimate,robot-programming,robotics,slam",False,topic:robotics,,,2025-10-23 22:13:58+00:00,172.9255185776157,
1050515012,facebookresearch/map-anything,MapAnything: Universal Feed-Forward Metric 3D Reconstruction,Python,2060,113,37,2025-09-04 14:37:36+00:00,2025-10-24 04:18:33+00:00,"3d-reconstruction,ai,calibration,depth-completion,depth-estimation,image-to-3d,multi-view-stereo,robotics,sfm",False,topic:robotics,,,2025-10-24 04:18:33+00:00,8240.0,
154626012,ARISE-Initiative/robosuite,robosuite: A Modular Simulation Framework and Benchmark for Robot Learning,Python,1979,603,95,2018-10-25 07:11:07+00:00,2025-10-24 05:58:51+00:00,"physics-simulation,reinforcement-learning,robot-learning,robot-manipulation,robotics",False,topic:robotics,,,2025-10-24 05:58:51+00:00,282.90792563600786,
536134468,PRBonn/kiss-icp,A LiDAR odometry pipeline that just works,C++,1964,392,11,2022-09-13 13:15:47+00:00,2025-10-24 05:51:06+00:00,"3d-mapping,icp,lidar-slam,robotics,ros,ros2,slam",False,topic:robotics,,,2025-10-24 05:51:06+00:00,631.4709507042253,
149340903,AprilRobotics/apriltag,AprilTag is a visual fiducial system popular for robotics research.,C,1961,604,26,2018-09-18 19:25:08+00:00,2025-10-24 01:40:14+00:00,robotics,False,topic:robotics,,,2025-10-24 01:40:14+00:00,276.33304398148147,
19983886,ompl/ompl,The Open Motion Planning Library (OMPL),C++,1861,652,101,2014-05-20 14:22:59+00:00,2025-10-23 10:18:32+00:00,"motion-planning,robotics",False,topic:robotics,,,2025-10-23 10:18:32+00:00,162.84864638236704,
145622623,probcomp/Gen.jl,A general-purpose probabilistic programming system with programmable inference,Julia,1824,162,170,2018-08-21 21:42:42+00:00,2025-10-23 18:12:14+00:00,"bayesian,computer-vision,deep-learning,differentiable-programming,gen,julia-language,machine-learning,probabilistic-programming,robotics",False,topic:robotics,,,2025-10-23 18:12:14+00:00,254.28091603053434,
14435841,Introduction-to-Autonomous-Robots/Introduction-to-Autonomous-Robots,Introduction to Autonomous Robots,TeX,1786,395,7,2013-11-15 21:41:51+00:00,2025-10-22 20:23:40+00:00,"book,boulder,cu,robotics",False,topic:robotics,,,2025-10-22 20:23:40+00:00,149.6184633027523,
1266625,norlab-ulaval/libpointmatcher,An Iterative Closest Point (ICP) library for 2D and 3D mapping in Robotics,C++,1760,558,98,2011-01-18 10:00:28+00:00,2025-10-24 02:19:27+00:00,"libnabo,libpointmatcher,lidar,point-clouds,robotics,ros,ubuntu",False,topic:robotics,,,2025-10-24 02:19:27+00:00,119.22106824925817,
336319951,mathworks/MATLAB-Simulink-Challenge-Project-Hub,This MATLAB and Simulink Challenge Project Hub contains a list of research and design project ideas. These projects will help you gain practical experience and insight into technology trends and industry directions.,MATLAB,1758,351,6,2021-02-05 16:03:41+00:00,2025-10-23 21:01:43+00:00,"ai,autonomous,capstone,capstone-project,computer-vision,deep-learning,drones,energy,final-project,final-year-project,master-thesis,matlab,project-ideas,robotics,senior-design,senior-project,simulink,student-project,students,thesis",False,topic:robotics,,,2025-10-23 21:01:43+00:00,373.10255665310865,
108102826,carla-simulator/carla,Open-source simulator for autonomous driving research.,C++,13153,4263,1145,2017-10-24 09:06:23+00:00,2025-10-23 19:52:42+00:00,"ai,artificial-intelligence,autonomous-driving,autonomous-vehicles,carla,carla-simulator,computer-vision,cross-platform,deep-learning,deep-reinforcement-learning,imitation-learning,research,ros,self-driving-car,simulator,ue4,unreal-engine-4",False,topic:ros,,,2025-10-23 19:52:42+00:00,1644.6878637452926,
41331761,autowarefoundation/autoware,Autoware - the world's leading open-source software project for autonomous driving,Dockerfile,10480,3408,69,2015-08-24 23:17:57+00:00,2025-10-24 02:51:11+00:00,"autonomous-driving,autonomous-vehicles,autoware,ros,ros2",False,topic:ros,,,2025-10-24 02:51:11+00:00,1030.9237813089146,
5298790,PX4/PX4-Autopilot,PX4 Autopilot Software,C++,10312,14595,2126,2012-08-04 21:19:36+00:00,2025-10-24 04:15:53+00:00,"autonomous,autopilot,avoidance,dds,drone,dronecode,drones,fixed-wing,mavlink,mavros,multicopter,pixhawk,px4,qgroundcontrol,ros,ros2,uas,uav,ugv",False,topic:ros,,,2025-10-24 04:15:53+00:00,780.1280033140016,
52909975,facontidavide/PlotJuggler,The Time Series Visualization Tool that you deserve.,C++,5428,725,199,2016-03-01 21:05:42+00:00,2025-10-24 04:50:40+00:00,"chart,csv,labstreaminglayer,lua,mqtt,plot,px4,qt5,ros,rosbag,time-series,ulog,visualize-data",False,topic:ros,,,2025-10-24 04:50:40+00:00,562.7524836786829,
23927994,ANYbotics/grid_map,Universal grid map library for mobile robotic mapping,C++,2965,842,149,2014-09-11 17:17:59+00:00,2025-10-23 16:02:16+00:00,"costmap,cpp,elevation,grid-map,height-map,mapping,navigation,occupancy,octopmap,opencv,pcl,ros,rviz,terrain",False,topic:ros,,,2025-10-23 16:02:16+00:00,266.7404556650246,
8018179,ArduPilot/MissionPlanner,Mission Planner Ground Control Station for ArduPilot (c# .net),C#,2079,2634,1300,2013-02-04 22:54:19+00:00,2025-10-24 02:03:36+00:00,"ardupilot,autonomous,autopilot,c-sharp,control,cube,gcs,ground,mission,missionplanner,open-source,pixhawk,planner,ros,station,uav",False,topic:ros,,,2025-10-24 02:03:36+00:00,163.51308139534885,
61611248,ROBOTIS-GIT/turtlebot3,ROS packages for Turtlebot3,C++,1795,1109,6,2016-06-21 07:14:22+00:00,2025-10-24 03:15:36+00:00,"dynamixel,gazebo,mobile,navigation,package,robot,robotis,ros,slam,turtlebot,turtlebot3",False,topic:ros,,,2025-10-24 03:15:36+00:00,192.20866314863676,
90164146,ankitdhall/lidar_camera_calibration,"ROS package to find a rigid-body transformation between a LiDAR and a camera for ""LiDAR-Camera Calibration using 3D-3D Point correspondences""",C++,1663,473,61,2017-05-03 15:24:34+00:00,2025-10-21 07:53:02+00:00,"3d-points,aruco-markers,calibration,camera,camera-calibration,camera-frame,data-fusion,hesai,lidar,lidar-camera-calibration,lidar-frame,point-cloud,point-clouds,ros,ros-kinetic,ros-melodic,stereo-cameras,velodyne",False,topic:ros,,,2025-10-21 07:53:02+00:00,196.25549273021,
429651616,autowarefoundation/autoware_universe,,C++,1310,796,367,2021-11-19 02:59:37+00:00,2025-10-24 02:09:32+00:00,"3d-map,autonomous-driving,autonomous-vehicles,autoware,calibration,planner,ros,ros2,self-driving-car",False,topic:ros,,,2025-10-24 02:09:32+00:00,333.43379790940764,
112074575,ros2-rust/ros2_rust,Rust bindings for ROS 2 ,Rust,1247,175,69,2017-11-26 10:45:09+00:00,2025-10-23 07:31:40+00:00,"robotics,ros,ros2,rust",False,topic:ros,,,2025-10-23 07:31:40+00:00,157.7100934903047,
416923043,NVIDIA-ISAAC-ROS/isaac_ros_visual_slam,Visual SLAM/odometry package based on NVIDIA-accelerated cuVSLAM,C++,1160,168,65,2021-10-13 23:07:14+00:00,2025-10-23 02:14:49+00:00,"gpu,jetson,localization,perception,robotics,ros,ros2,ros2-humble,slam,visual-odometry",False,topic:ros,,,2025-10-23 02:14:49+00:00,288.0285520054385,
190190517,loco-3d/crocoddyl,Crocoddyl is an optimal control library for robot control under contact sequence. Its solver is based on various efficient Differential Dynamic Programming (DDP)-like algorithms,C++,1094,199,18,2019-06-04 11:46:13+00:00,2025-10-23 06:39:40+00:00,"code-generation,conda,crocoddyl,differential-dynamic-programming,legged-robotics,model-predictive-control,motion-planning,optimal-control,robotics,ros,trajectory-optimization",False,topic:ros,,,2025-10-23 06:39:40+00:00,171.27453921988854,
255865265,gazebosim/gz-sim,Open source robotics simulator. The latest version of Gazebo.,C++,1075,342,499,2020-04-15 09:17:50+00:00,2025-10-23 17:40:19+00:00,"cpp,gazebo,gazebosim,graphical-interface,hacktoberfest,ignition-gazebo,ignition-libraries,ignition-robotics,physics,rendering,robot-simulation,robot-simulator,robotics,robotics-simulation,ros,ros2,simulated-robots,simulation",False,topic:ros,,,2025-10-23 17:40:19+00:00,194.66720376797224,
15189073,mavlink/mavros,MAVLink to ROS gateway with proxy for Ground Control Station,C++,1067,1054,408,2013-12-14 16:58:11+00:00,2025-10-21 18:45:06+00:00,"mavlink,mavros,mavros-msgs,ros,ros-node,uav",False,topic:ros,,,2025-10-21 18:45:06+00:00,89.98424151466175,
3161336,RainerKuemmerle/g2o,g2o: A General Framework for Graph Optimization,C++,3321,1142,7,2012-01-12 10:18:45+00:00,2025-10-24 02:19:12+00:00,"c-plus-plus,cpp,g2o,graph-optimization,slam",False,topic:slam,,,2025-10-24 02:19:12+00:00,241.0083945956686,
790197987,hku-mars/FAST-LIVO2,"FAST-LIVO2: Fast, Direct LiDAR-Inertial-Visual Odometry",C++,2927,486,260,2024-04-22 12:49:47+00:00,2025-10-24 03:05:59+00:00,"3d-reconstruction,colored-point-cloud,gaussian-splatting,lidar-camera-fusion,lidar-inertial-odometry,lidar-slam,mesh-reconstruction,nerf,sensor-fusion,slam",False,topic:slam,,,2025-10-24 03:05:59+00:00,1947.3346994535518,
575786486,3D-Vision-World/awesome-NeRF-and-3DGS-SLAM,"A comprehensive list of Implicit Representations, NeRF and 3D Gaussian Splatting papers relating to SLAM/Robotics domain, including papers, videos, codes, and related websites",Unknown,1658,112,1,2022-12-08 09:45:53+00:00,2025-10-23 13:06:56+00:00,"3dgs,awesome,gaussiansplatting,lidar-slam,nerf,robotics,slam,vslam",False,topic:slam,,,2025-10-23 13:06:56+00:00,576.7471428571429,
330972704,changh95/visual-slam-roadmap,Roadmap to become a Visual-SLAM developer in 2023,Unknown,1571,149,5,2021-01-19 12:29:14+00:00,2025-10-23 01:35:20+00:00,"awesome,awesome-list,computer-vision,deep-learning,rgb-d,roadmap,robotics,slam,vio,visual-inertial-odometry,visual-slam",False,topic:slam,,,2025-10-23 01:35:20+00:00,330.15405638665135,
465758484,hku-mars/FAST-LIVO,A Fast and Tightly-coupled Sparse-Direct LiDAR-Inertial-Visual Odometry (LIVO).,C++,1467,244,45,2022-03-03 14:42:33+00:00,2025-10-22 05:12:51+00:00,"3d-reconstruction,lidar-camera-fusion,lidar-camera-synchronization,sensor-fusion,slam",False,topic:slam,,,2025-10-22 05:12:51+00:00,402.8734962406015,
218470804,Awesome-Image-Registration-Organization/awesome-image-registration,"image registration related books, papers, videos, and toolboxes ",Unknown,1460,174,0,2019-10-30 07:47:02+00:00,2025-10-24 02:55:33+00:00,"awesome,awesome-list,image,image-processing,image-registration,medical-images,natural-images,point-cloud-registration,remote-sensing-image,slam",False,topic:slam,,,2025-10-24 02:55:33+00:00,244.0572082379863,
427079067,pypose/pypose,A library for differentiable robotics on manifolds.,Python,1457,113,42,2021-11-11 17:02:08+00:00,2025-10-21 19:18:11+00:00,"autonomous-robots,computer-graphics,control,deep-learning,geometric-deep-learning,kalman-filter,learning,lie-group,optimization,physics,planning,pose-estimation,pose-graph-optimization,python,pytorch,robotics,slam",False,topic:slam,,,2025-10-21 19:18:11+00:00,369.0494105409154,
1035697953,nv-tlabs/vipe,ViPE: Video Pose Engine for Geometric 3D Perception,Python,1441,113,11,2025-08-11 00:19:56+00:00,2025-10-23 08:27:45+00:00,"3d,camera,depth-estimation,slam",False,topic:slam,,,2025-10-23 08:27:45+00:00,5764.0,
415020649,Vincentqyw/cv-arxiv-daily,üéìAutomatically Update CV Papers Daily using Github Actions,Python,1324,516,1,2021-10-08 14:35:41+00:00,2025-10-24 06:05:01+00:00,"3d-reconstruction,arxiv,cv,deep-learning,image-matching,lidar,localization,mapping,nerf,paper,paperwithcode,robotics,sfm,slam,structure-from-motion",False,topic:slam,,,2025-10-24 06:05:01+00:00,327.6361788617886,
493260067,sair-lab/AirSLAM,üöÄ AirVO upgrades to AirSLAM [TRO]üöÄ,C++,1068,161,35,2022-05-17 13:20:01+00:00,2025-10-22 02:22:41+00:00,"odometry,slam,superglue,superpoint,visual-odometry,visual-slam",False,topic:slam,,,2025-10-22 02:22:41+00:00,310.8262948207171,
87294724,stereolabs/zed-sdk,‚ö°Ô∏èThe spatial perception framework for rapidly building smart robots and spaces,C++,1010,492,0,2017-04-05 10:02:44+00:00,2025-10-23 12:34:51+00:00,"3d-reconstruction,computer-vision,depth-camera,depth-estimation,human-pose-estimation,machine-learning,object-detection,perception,point-cloud,realtime,slam,stereo,stereo-vision,stereolabs,zed,zed-camera,zed-x,zed2",False,topic:slam,,,2025-10-23 12:34:51+00:00,118.12439961575409,
24470090,OpenDroneMap/ODM,"A command line toolkit to generate maps, point clouds, 3D models and DEMs from drone, balloon or kite images. üì∑",Python,5442,1201,71,2014-09-25 18:29:10+00:00,2025-10-23 19:59:02+00:00,"aerial-imagery,drone,photogrammetry,point-cloud,structure-from-motion,uas",False,topic:drone,,,2025-10-23 19:59:02+00:00,491.27298566485416,
151064439,ExpressLRS/ExpressLRS,ESP32/ESP8285-based High-Performance Radio Link for RC applications,C++,4471,1220,63,2018-10-01 09:27:55+00:00,2025-10-24 01:35:17+00:00,"drone,esp32,esp8266,fpv,lora,lr1121,quadcopter,rc,remote-control,sx1276,sx1280",False,topic:drone,,,2025-10-24 01:35:17+00:00,633.2038580845289,
2567844,mavlink/qgroundcontrol,"Cross-platform ground control station for drones (Android, iOS, Mac OS, Linux, Windows)",C++,4043,4353,991,2011-10-13 07:31:07+00:00,2025-10-24 02:09:18+00:00,"ardupilot,drone,hacktoberfest,mavlink,pixhawk,px4,qt,uas,uav",False,topic:drone,,,2025-10-24 02:09:18+00:00,288.19394028103045,
65209477,OpenDroneMap/WebODM,"User-friendly, commercial-grade software for processing aerial imagery. ‚úàÔ∏è",Python,3413,1089,38,2016-08-08 14:08:22+00:00,2025-10-23 17:50:52+00:00,"drone,maps,photogrammetry,point-cloud,uav",False,topic:drone,,,2025-10-23 17:50:52+00:00,370.68041926851026,
290091948,labmlai/annotated_deep_learning_paper_implementations,"üßë‚Äçüè´ 60+ Implementations/tutorials of deep learning papers with side-by-side notes üìù; including transformers (original, xl, switch, feedback, vit, ...), optimizers (adam, adabelief, sophia, ...), gans(cyclegan, stylegan2, ...), üéÆ reinforcement learning (ppo, dqn), capsnet, distillation, ... üß†",Python,63801,6465,26,2020-08-25 02:29:34+00:00,2025-10-24 05:48:17+00:00,"attention,deep-learning,deep-learning-tutorial,gan,literate-programming,lora,machine-learning,neural-networks,optimizers,pytorch,reinforcement-learning,transformer,transformers",False,topic:reinforcement-learning,,,2025-10-24 05:48:17+00:00,12355.946580063626,
725205304,unslothai/unsloth,"Fine-tuning & Reinforcement Learning for LLMs. ü¶• Train OpenAI gpt-oss, DeepSeek-R1, Qwen3, Gemma 3, TTS 2x faster with 70% less VRAM.",Python,47347,3869,853,2023-11-29 16:50:09+00:00,2025-10-24 05:47:07+00:00,"agent,deepseek,deepseek-r1,fine-tuning,gemma,gemma3,gpt-oss,llama,llama3,llm,llms,mistral,openai,qwen,qwen3,reinforcement-learning,text-to-speech,tts,unsloth,voice-cloning",False,topic:reinforcement-learning,,,2025-10-24 05:47:07+00:00,24918.57600864553,
71932349,ray-project/ray,Ray is an AI compute engine. Ray consists of a core distributed runtime and a set of AI Libraries for accelerating ML workloads.,Python,39470,6820,3170,2016-10-25 19:38:30+00:00,2025-10-24 06:03:33+00:00,"data-science,deep-learning,deployment,distributed,hyperparameter-optimization,hyperparameter-search,large-language-models,llm,llm-inference,llm-serving,machine-learning,optimization,parallel,python,pytorch,ray,reinforcement-learning,rllib,serving,tensorflow",False,topic:reinforcement-learning,,,2025-10-24 06:03:33+00:00,4388.559360730594,
102904613,Unity-Technologies/ml-agents,The Unity Machine Learning Agents Toolkit (ML-Agents) is an open-source project that enables games and simulations to serve as environments for training intelligent agents using deep reinforcement learning and imitation learning.,C#,18778,4377,47,2017-09-08 21:09:04+00:00,2025-10-24 02:28:41+00:00,"deep-learning,deep-reinforcement-learning,machine-learning,neural-networks,reinforcement-learning,unity,unity3d",False,topic:reinforcement-learning,,,2025-10-24 02:28:41+00:00,2311.6496461071793,
600544354,AI4Finance-Foundation/FinGPT,FinGPT: Open-Source Financial Large Language Models!  Revolutionize üî•    We release the trained model on HuggingFace.,Jupyter Notebook,17863,2528,81,2023-02-11 20:21:34+00:00,2025-10-24 04:13:14+00:00,"chatgpt,finance,fingpt,fintech,large-language-models,machine-learning,nlp,prompt-engineering,pytorch,reinforcement-learning,robo-advisor,sentiment-analysis,technical-analysis",False,topic:reinforcement-learning,,,2025-10-24 04:13:14+00:00,6623.818020304569,
194763635,datawhalechina/leedl-tutorial,„ÄäÊùéÂÆèÊØÖÊ∑±Â∫¶Â≠¶‰π†ÊïôÁ®ã„ÄãÔºàÊùéÂÆèÊØÖËÄÅÂ∏àÊé®ËçêüëçÔºåËãπÊûú‰π¶üçéÔºâÔºåPDF‰∏ãËΩΩÂú∞ÂùÄÔºöhttps://github.com/datawhalechina/leedl-tutorial/releases,Jupyter Notebook,15901,3075,6,2019-07-02 01:05:11+00:00,2025-10-24 05:27:45+00:00,"bert,chatgpt,cnn,deep-learning,diffusion,gan,leedl-tutorial,machine-learning,network-compression,pruning,reinforcement-learning,rnn,self-attention,transfer-learning,transformer,tutorial",False,topic:reinforcement-learning,,,2025-10-24 05:27:45+00:00,2518.577732003469,
276785864,datawhalechina/easy-rl,Âº∫ÂåñÂ≠¶‰π†‰∏≠ÊñáÊïôÁ®ãÔºàËòëËèá‰π¶üçÑÔºâÔºåÂú®Á∫øÈòÖËØªÂú∞ÂùÄÔºöhttps://datawhalechina.github.io/easy-rl/,Jupyter Notebook,12832,2135,55,2020-07-03 02:08:38+00:00,2025-10-24 03:52:50+00:00,"a3c,ddpg,deep-reinforcement-learning,double-dqn,dqn,dueling-dqn,easy-rl,imitation-learning,policy-gradient,ppo,q-learning,reinforcement-learning,sarsa,td3",False,topic:reinforcement-learning,,,2025-10-24 03:52:50+00:00,2417.167612171222,
522133400,MathFoundationRL/Book-Mathematical-Foundation-of-Reinforcement-Learning,"This is the homepage of a new book entitled ""Mathematical Foundations of Reinforcement Learning.""",MATLAB,12489,1192,0,2022-08-07 06:22:20+00:00,2025-10-24 02:32:56+00:00,"artificial-intelligence,book,courses,reinforcement-learning,tutorials",False,topic:reinforcement-learning,,,2025-10-24 02:32:56+00:00,3888.838235294118,
107937815,aws/amazon-sagemaker-examples,"Example üìì Jupyter notebooks that demonstrate how to build, train, and deploy machine learning models using üß† Amazon SageMaker. ",Jupyter Notebook,10782,6948,841,2017-10-23 05:55:22+00:00,2025-10-23 08:19:31+00:00,"aws,data-science,deep-learning,examples,inference,jupyter-notebook,machine-learning,mlops,reinforcement-learning,sagemaker,training",False,topic:reinforcement-learning,,,2025-10-23 08:19:31+00:00,1347.288915497776,
534011733,Farama-Foundation/Gymnasium,"An API standard for single-agent reinforcement learning environments, with popular reference environments and related utilities (formerly Gym)",Python,10462,1165,82,2022-09-08 01:58:05+00:00,2025-10-24 05:50:23+00:00,"api,gym,reinforcement-learning",False,topic:reinforcement-learning,,,2025-10-24 05:50:23+00:00,3346.0993870402804,
86031674,wandb/wandb,"The AI developer platform. Use Weights & Biases to train and fine-tune models, and manage models from experimentation to production.",Python,10442,784,868,2017-03-24 05:46:23+00:00,2025-10-24 05:55:31+00:00,"ai,collaboration,data-science,data-versioning,deep-learning,experiment-track,hyperparameter-optimization,hyperparameter-search,hyperparameter-tuning,jax,keras,machine-learning,ml-platform,mlops,model-versioning,pytorch,reinforcement-learning,reproducibility,tensorflow",False,topic:reinforcement-learning,,,2025-10-24 05:55:31+00:00,1216.180006377551,
22489033,lazyprogrammer/machine_learning_examples,A collection of machine learning examples and tutorials.,Python,8724,6425,35,2014-07-31 23:40:45+00:00,2025-10-23 18:21:27+00:00,"data-science,deep-learning,machine-learning,natural-language-processing,python,reinforcement-learning",False,topic:reinforcement-learning,,,2025-10-23 18:21:27+00:00,776.8018039980498,
213020264,google/trax,Trax ‚Äî Deep Learning with Clear Code and Speed,Python,8291,827,125,2019-10-05 15:09:14+00:00,2025-10-23 18:42:09+00:00,"deep-learning,deep-reinforcement-learning,jax,machine-learning,numpy,reinforcement-learning,transformer",False,topic:reinforcement-learning,,,2025-10-23 18:42:09+00:00,1370.2659502262443,
672415139,OpenRLHF/OpenRLHF,"An Easy-to-use, Scalable and High-performance RLHF Framework based on Ray (PPO & GRPO & REINFORCE++ & vLLM & Ray & Dynamic Sampling & Async Agentic RL)",Python,8219,804,299,2023-07-30 02:20:13+00:00,2025-10-24 05:46:26+00:00,"large-language-models,openai-o1,proximal-policy-optimization,raylib,reinforcement-learning,reinforcement-learning-from-human-feedback,transformers,vllm",False,topic:reinforcement-learning,,,2025-10-24 05:46:26+00:00,3674.4060587515296,
576380523,lucidrains/PaLM-rlhf-pytorch,Implementation of RLHF (Reinforcement Learning with Human Feedback) on top of the PaLM architecture. Basically ChatGPT but with PaLM,Python,7869,682,20,2022-12-09 17:53:46+00:00,2025-10-23 20:25:04+00:00,"artificial-intelligence,attention-mechanisms,deep-learning,human-feedback,reinforcement-learning,transformers",False,topic:reinforcement-learning,,,2025-10-23 20:25:04+00:00,2739.8972831267874,
946178371,OpenPipe/ART,"Agent Reinforcement Trainer: train multi-step agents for real-world tasks using GRPO. Give your agents on-the-job training. Reinforcement learning for Qwen2.5, Qwen3, Llama, and more!",Python,7662,589,73,2025-03-10 18:25:47+00:00,2025-10-24 03:28:34+00:00,"agent,agentic-ai,grpo,llms,lora,qwen,qwen3,reinforcement-learning,rl",False,topic:reinforcement-learning,,,2025-10-24 03:28:34+00:00,12328.394273127755,
857596299,hijkzzz/Awesome-LLM-Strawberry,"A collection of LLM papers, blogs, and projects, with a focus on OpenAI o1 üçì and reasoning techniques.",Unknown,6842,376,20,2024-09-15 04:40:16+00:00,2025-10-24 01:31:42+00:00,"chain-of-thought,coding,llm,mathematics,mcts,openai-o1,reinforcement-learning,strawberry",False,topic:reinforcement-learning,,,2025-10-24 01:31:42+00:00,6185.743811881188,
79821807,yandexdataschool/Practical_RL,A course in reinforcement learning in the wild,Jupyter Notebook,6321,1770,41,2017-01-23 16:18:00+00:00,2025-10-23 12:58:34+00:00,"course-materials,deep-learning,deep-reinforcement-learning,git-course,hacktoberfest,keras,mooc,pytorch,pytorch-tutorials,reinforcement-learning,tensorflow",False,topic:reinforcement-learning,,,2025-10-23 12:58:34+00:00,722.6119718309859,
928427049,om-ai-lab/VLM-R1,Solve Visual Understanding with Reinforced VLMs,Python,5643,361,160,2025-02-06 16:12:30+00:00,2025-10-23 13:40:35+00:00,"deepseek-r1,grpo,llm,multimodal,multimodal-r1,qwen,r1-zero,reinforcement-learning,vlm,vlm-r1",False,topic:reinforcement-learning,,,2025-10-23 13:40:35+00:00,7957.937258687259,
664913876,InternLM/xtuner,A Next-Generation Training Engine Built for Ultra-Large MoE Models,Python,4946,379,274,2023-07-11 03:18:13+00:00,2025-10-24 06:02:29+00:00,"agent,deepseek-v3,gpt-oss,intern-s1,internvl,kimi-k2,llm,multimodal,qwen3-moe,reinforcement-learning",False,topic:reinforcement-learning,,,2025-10-24 06:02:29+00:00,2160.9168660287082,
198232685,google-deepmind/open_spiel,OpenSpiel is a collection of environments and algorithms for research in general reinforcement learning and search/planning in games.,C++,4800,1030,29,2019-07-22 13:50:21+00:00,2025-10-23 19:07:36+00:00,"cpp,games,multiagent,python,reinforcement-learning",False,topic:reinforcement-learning,,,2025-10-23 19:07:36+00:00,767.2647702407003,
484003883,huggingface/deep-rl-class,This repo contains the Hugging Face Deep Reinforcement Learning Course.,MDX,4579,735,111,2022-04-21 10:19:17+00:00,2025-10-23 18:02:31+00:00,"deep-learning,deep-reinforcement-learning,reinforcement-learning,reinforcement-learning-excercises",False,topic:reinforcement-learning,,,2025-10-23 18:02:31+00:00,1305.6048009367682,
146531619,georgezouq/awesome-ai-in-finance,üî¨ A curated list of awesome LLMs & deep learning strategies & tools in financial market.,Unknown,4508,500,2,2018-08-29 02:07:02+00:00,2025-10-24 05:15:16+00:00,"analysis,awesome,awesome-list,cryptocurrency,deep-learning,financial,neural-network,quant,quantitative-finance,reinforcement-learning,stock-market,technology-analysis",False,topic:reinforcement-learning,,,2025-10-24 05:15:16+00:00,630.1366245694604,
115744122,google-deepmind/dm_control,"Google DeepMind's software stack for physics-based simulation and Reinforcement Learning environments, using MuJoCo.",Python,4280,721,114,2017-12-29 18:13:15+00:00,2025-10-24 06:06:19+00:00,"artificial-intelligence,deep-learning,machine-learning,mujoco,neural-networks,physics-simulation,reinforcement-learning",False,topic:reinforcement-learning,,,2025-10-24 06:06:19+00:00,547.5551663747812,
601100396,opendilab/awesome-RLHF,A curated list of reinforcement learning with human feedback resources (continually updated),Unknown,4179,251,0,2023-02-13 11:19:23+00:00,2025-10-23 08:43:35+00:00,"deep-learning,deep-reinforcement-learning,human-feedback,large-language-models,reinforcement-learning,rlhf",False,topic:reinforcement-learning,,,2025-10-23 08:43:35+00:00,1552.7769582909461,
260420185,google-deepmind/acme,A library of reinforcement learning components and agents,Python,3818,501,81,2020-05-01 09:18:12+00:00,2025-10-23 08:45:12+00:00,"agents,reinforcement-learning,research",False,topic:reinforcement-learning,,,2025-10-23 08:45:12+00:00,696.9137931034483,
537666394,PufferAI/PufferLib,Simplifying reinforcement learning for complex game environments,C,3741,276,86,2022-09-17 01:25:33+00:00,2025-10-24 04:19:36+00:00,reinforcement-learning,False,topic:reinforcement-learning,,,2025-10-24 04:19:36+00:00,1206.0019858781995,
77383688,polyaxon/polyaxon,MLOps Tools For Managing & Orchestrating The Machine Learning LifeCycle,Unknown,3684,324,123,2016-12-26 12:48:47+00:00,2025-10-22 11:38:43+00:00,"artificial-intelligence,caffe,data-science,deep-learning,hyperparameter-optimization,jupyter,jupyterlab,k8s,keras,kubernetes,machine-learning,ml,mlops,mxnet,notebook,pipelines,pytorch,reinforcement-learning,tensorflow,workflow",False,topic:reinforcement-learning,,,2025-10-22 11:38:43+00:00,417.4933291964009,
534168787,open-spaced-repetition/fsrs4anki,A modern Anki custom scheduling based on Free Spaced Repetition Scheduler algorithm,Jupyter Notebook,3648,152,10,2022-09-08 10:53:22+00:00,2025-10-23 18:27:55+00:00,"anki,anki-addon,deep-learning,fsrs,intelligent-tutoring-system,machine-learning,memory,optimal-control,reinforcement-learning,spaced-repetition,spaced-repetition-algorithm,srs",False,topic:reinforcement-learning,,,2025-10-23 18:27:55+00:00,1167.7756354075373,
382787545,opendilab/DI-engine,OpenDILab Decision AI Engine. The Most Comprehensive Reinforcement Learning Framework B.P.,Python,3528,415,24,2021-07-04 07:11:05+00:00,2025-10-22 03:47:08+00:00,"atari,distributed-reinforcement-learning,distributed-system,drl,exploration-exploitation,imitation-learning,impala,inverse-reinforcement-learning,minigrid,model-based-reinforcement-learning,mujoco,multiagent-reinforcement-learning,offline-rl,python,pytorch-rl,r2d2,reinforcement-learning,reinforcement-learning-algorithms,self-play,smac",False,topic:reinforcement-learning,,,2025-10-22 03:47:08+00:00,819.7213740458016,
186783422,microsoft/tensorwatch,"Debugging, monitoring and visualization for Python Machine Learning and Data Science",Jupyter Notebook,3457,361,53,2019-05-15 08:29:34+00:00,2025-10-23 18:47:34+00:00,"ai,data-science,debug,debugging,debugging-tool,deep-learning,deeplearning,explainable-ai,explainable-ml,jupyter,jupyter-notebook,machine-learning,machinelearning,model-visualization,monitoring,python,reinforcement-learning,saliency",False,topic:reinforcement-learning,,,2025-10-23 18:47:34+00:00,536.6210157246069,
135330566,wzhe06/Reco-papers,Classic papers and resources on recommendation,Python,3429,817,3,2018-05-29 17:29:04+00:00,2025-10-22 09:19:32+00:00,"deep-learning,exploration-exploitation,machine-learning,recommendation,recommender-system,reinforcement-learning",False,topic:reinforcement-learning,,,2025-10-22 09:19:32+00:00,463.1813054733728,
131044128,PaddlePaddle/PARL,A high-performance distributed training framework for Reinforcement Learning ,Python,3415,819,131,2018-04-25 17:54:22+00:00,2025-10-23 08:48:38+00:00,"large-scale,parallelization,reinforcement-learning",False,topic:reinforcement-learning,,,2025-10-23 08:48:38+00:00,455.5619978086194,
168725504,girafe-ai/ml-course,Open Machine Learning course,Jupyter Notebook,3360,1292,40,2019-02-01 16:20:39+00:00,2025-10-23 23:22:33+00:00,"computer-vision,course,deep-learning,machine-learning,materials,natural-language-processing,python,pytorch,reinforcement-learning,seminars",False,topic:reinforcement-learning,,,2025-10-23 23:22:33+00:00,499.69055374592836,
235012937,Farama-Foundation/PettingZoo,"An API standard for multi-agent reinforcement learning environments, with popular reference environments and related utilities",Python,3153,456,51,2020-01-20 03:41:08+00:00,2025-10-23 23:19:50+00:00,"api,gym,gymnasium,multi-agent-reinforcement-learning,multiagent-reinforcement-learning,reinforcement-learning",False,topic:reinforcement-learning,,,2025-10-23 23:19:50+00:00,547.3542062737642,
110852412,Farama-Foundation/HighwayEnv,A minimalist environment for decision-making in autonomous driving ,Python,3040,823,81,2017-11-15 15:38:46+00:00,2025-10-24 05:19:06+00:00,"autonomous-driving,gym-environment,reinforcement-learning",False,topic:reinforcement-learning,,,2025-10-24 05:19:06+00:00,383.0148327009314,
74940973,endymecy/awesome-deeplearning-resources,Deep Learning and deep reinforcement learning research papers and some codes,Unknown,2943,673,0,2016-11-28 05:42:02+00:00,2025-10-24 01:32:28+00:00,"code,corpus,deep-learning,modelzoo,neural-network,nlp,paper,reinforcement-learning,video",False,topic:reinforcement-learning,,,2025-10-24 01:32:28+00:00,330.54451107011073,
159916548,awesome-mlss/awesome-mlss,ü§ñ Machine Learning Summer School Guide,HTML,2902,319,8,2018-12-01 06:34:35+00:00,2025-10-23 12:47:57+00:00,"artificial-intelligence,deep-learning,machine-learning,reinforcement-learning,summer-school,summer-schools",False,topic:reinforcement-learning,,,2025-10-23 12:47:57+00:00,420.9513502779984,
937952934,inclusionAI/AReaL,Lightning-Fast RL for LLM Reasoning and Agents. Made Simple & Flexible.,Python,2875,208,47,2025-02-24 07:23:43+00:00,2025-10-24 04:56:46+00:00,"agent,llm,llm-agent,llm-reasoning,machine-learning-systems,mlsys,reinforcement-learning,rl",False,topic:reinforcement-learning,,,2025-10-24 04:56:46+00:00,4357.235477178423,
464991268,google-deepmind/mctx,Monte Carlo tree search in JAX,Python,2545,209,6,2022-03-01 17:26:43+00:00,2025-10-20 12:48:09+00:00,"jax,monte-carlo-tree-search,reinforcement-learning",False,topic:reinforcement-learning,,,2025-10-20 12:48:09+00:00,697.8688063063063,
588898844,danijar/dreamerv3,Mastering Diverse Domains through World Models,Python,2276,382,41,2023-01-14 12:08:18+00:00,2025-10-24 04:06:33+00:00,"artificial-intelligence,general,jax,minecraft,reinforcement-learning,world-models",False,topic:reinforcement-learning,,,2025-10-24 04:06:33+00:00,820.6406712734453,
705433049,xlang-ai/OSWorld,[NeurIPS 2024] OSWorld: Benchmarking Multimodal Agents for Open-Ended Tasks in Real Computer Environments,Python,2263,313,109,2023-10-16 01:49:13+00:00,2025-10-24 04:35:17+00:00,"agent,artificial-intelligence,benchmark,cli,code-generation,gui,language-model,large-action-model,llm,multimodal,natural-language-processing,reinforcement-learning,rpa,vlm",False,topic:reinforcement-learning,,,2025-10-24 04:35:17+00:00,1118.485453315291,
741616456,alessiodm/drl-zh,Deep Reinforcement Learning: Zero to Hero!,Jupyter Notebook,2204,92,0,2024-01-10 18:59:31+00:00,2025-10-24 04:27:43+00:00,"deep-learning,deep-reinforcement-learning,machine-learning,reinforcement-learning",False,topic:reinforcement-learning,,,2025-10-24 04:27:43+00:00,1234.6794478527609,
